<?xml version="1.0" encoding="UTF-8"?><metadata>
    <idinfo>
        <citation>
            <citeinfo>
                <origin/>
                <title>Regional Subbasins</title>
                <onlink>https://www.ocgis.com/arcpub/rest/services/Environmental_Resources/RegionalSubbasins/FeatureServer</onlink>
            </citeinfo>
        </citation>
        <descript>
            <abstract>The regional subbasin and watershed dataset contains the latest polygons representing drainage areas across the County of Orange. On average regional subbasin polygons are approximately 65 acres in size. Subbasins are determined based on topography, hydrology, aerial imagery, and other characteristics. Regional watersheds are derived from traversing directional link attributes CatchIDN and DwnCatchIDN in the regional subbasin dataset.Attributes Include:Watershed (watershed the subbasin is located in)AreaAcre (area in acres)CatchIDN (unique identifier for subbasin)DwnCatchIDN (identifier of the downstream subbasin)Features with DwnCatchIDN values of zero either drain to the ocean or outside of Orange County.</abstract>
            <purpose>Polygons representing drainage areas across the County of Orange.</purpose>
        </descript>
        <keywords>
            <theme>
                <themekt>None</themekt>
                <themekey>Regional Subbasins</themekey>
                <themekey>Stormwater</themekey>
                <themekey>Stormwater Newtork</themekey>
                <themekey>Environmental</themekey>
                <themekey>Drainage</themekey>
                <themekey>Watersheds</themekey>
                <themekey>Land Development</themekey>
            </theme>
        </keywords>
        <accconst>Other Constraints</accconst>
        <useconst>CC0</useconst>
    </idinfo>
    <metainfo>
        <metd>20220120</metd>
        <metc>
            <cntinfo>
                <!--no contact person or organization name available-->
            </cntinfo>
        </metc>
        <metstdn>FGDC Content Standard for Digital Geospatial Metadata</metstdn>
        <metstdv>FGDC-STD-001-1998</metstdv>
        <mettc>local time</mettc>
    </metainfo>
</metadata>
