<?xml version="1.0" encoding="UTF-8"?><metadata>
    <idinfo>
        <citation>
            <citeinfo>
                <title>Map5</title>
            </citeinfo>
        </citation>
        <descript>
            <abstract/>
            <purpose>OC Parks trails</purpose>
        </descript>
        <keywords>
            <theme>
                <themekt>None</themekt>
                <themekey>Parks</themekey>
                <themekey>Trails</themekey>
            </theme>
        </keywords>
        <accconst>None</accconst>
        <useconst>The County of Orange and OCCR/OC Parks/Survey/GIS/LIS make norepresentations or warranties regarding the registration or accuracy of thedata. Neither the County nor OCCR/OC Park/Survey/GIS/LIS shall be liable under any circumstances for any direct, indirect, special, incidentalor consequential damages with respect to any claim by any user or any third party on account of or arising from the use of this data.</useconst>
        <datacred/>
    </idinfo>
    <metainfo>
        <metstdn>FGDC Content Standard for Digital Geospatial Metadata</metstdn>
        <metstdv>FGDC-STD-001-1998</metstdv>
        <mettc>local time</mettc>
    </metainfo>
</metadata>
