<?xml version="1.0" encoding="UTF-8"?><metadata>
    <idinfo>
        <citation>
            <citeinfo>
                <origin/>
                <pubdate>20230105</pubdate>
                <title>Time Zones</title>
                <geoform>Vector digital data</geoform>
                <lworkcit>
                    <citeinfo>
                        <origin/>
                        <pubdate>20230426</pubdate>
                        <title>National Transportation Atlas Database</title>
                    </citeinfo>
                </lworkcit>
            </citeinfo>
        </citation>
        <descript>
            <abstract>The Time Zones dataset was compiled on October 04, 2019 and was updated on January 05, 2023 from the Bureau of Transportation Statistics (BTS) and is part of the U.S. Department of Transportation (USDOT)/Bureau of Transportation Statistics (BTS) National Transportation Atlas Database (NTAD). This layer is a digital representation of the geographic boundaries of the nine time zones that cover the United States and its territories (the Atlantic, Eastern, Central, Mountain, Pacific, Alaska, Hawaii–Aleutian, Samoa, and Chamorro time zones). The U.S. Department of Transportation (DOT) oversees the Nation's time zones and the uniform observance of Daylight-Saving Time. The oversight of time zones was assigned to DOT due to the importance of time coordination for transportation related activities. The time zones were established by the Standard Time Act of 1918 and amended by the Uniform Time Act of 1966. Time zones in the U.S. are defined in the U.S. Code, Title 15, Chapter 6, Subchapter IX - Standard Time. The time zone boundaries are defined in the Code of Federal Regulations (CFR), Title 49, Subtitle A, Part 71 - Standard Time Zone Boundaries. Segments used to compile the geospatial layer were derived from the CFR’s time zone descriptions (https://www.ecfr.gov/current/title-49/subtitle-A/part-71). Descriptions consist of segments referencing administrative boundaries, infrastructure, natural features, and geodesic lines. These segments are contained in various data layers in the National Geospatial Data Asset (NGDA) portfolio, the federal government’s authoritative geospatial data repository. Referenced segments were extracted from their NGDA and then merged to form continuous boundaries. In instances where there were multiple scales for a given dataset, the largest scale or most detailed layer was used. The standard time of the Atlantic zone is the Coordinated Universal Time (UTC) minus 4 hours; Eastern zone is UTC minus 5 hours; Central zone is UTC minus 6 hours; Mountain zone is UTC minus 7 hours; Pacific zone is UTC minus 8 hours; Alaska zone is UTC minus 9 hours; Hawaii–Aleutian zone is UTC minus 10 hours; Samoa zone is UTC minus 11 hours; and Chamorro zone is UTC plus 10 hours. For more information, please visit: https://doi.org/10.21949/1519143.</abstract>
            <purpose>This dataset represents the official written time zone boundaries from USDOT’s Office of General Counsel per 49 CFR Part 71. Oversight of Time Zones was assigned to DOT due to the importance of time coordination for transportation related activities.</purpose>
        </descript>
        <timeperd>
            <timeinfo>
                <sngdate>
                    <caldate>20191004</caldate>
                </sngdate>
            </timeinfo>
            <current>compilation date</current>
        </timeperd>
        <status>
            <progress>Complete</progress>
            <update>As needed</update>
        </status>
        <spdom>
            <bounding>
                <westbc>-171.5</westbc>
                <eastbc>-64</eastbc>
                <northbc>71.5</northbc>
                <southbc>17.5</southbc>
            </bounding>
        </spdom>
        <keywords>
            <theme>
                <themekt>ISO 19115 Topic Category</themekt>
                <themekey>boundaries</themekey>
            </theme>
            <theme>
                <themekt>None</themekt>
                <themekey>NTAD</themekey>
                <themekey>National Transportation Atlas Database</themekey>
                <themekey>Transportation</themekey>
                <themekey>Atlas</themekey>
                <themekey>Database</themekey>
                <themekey>Uniform Time</themekey>
                <themekey>Standard Time</themekey>
                <themekey>Time Zones</themekey>
            </theme>
            <place>
                <placekt>None</placekt>
                <placekey>USA</placekey>
                <placekey>National</placekey>
                <placekey>Territories</placekey>
            </place>
        </keywords>
        <accconst>unrestricted</accconst>
        <useconst>NTAD datasets are intended for public usage and are not for sale/resale</useconst>
        <ptcontac>
            <cntinfo>
                <cntorgp>
                    <cntorg>Bureau of Transportation Statistics (BTS)</cntorg>
                    <cntper>Dominic Menegus</cntper>
                </cntorgp>
                <cntpos>Geographer</cntpos>
                <cntaddr>
                    <addrtype>mailing and physical</addrtype>
                    <address>1200 New Jersey Ave. SE</address>
                    <city>Washington</city>
                    <state>DC</state>
                    <postal>20590</postal>
                    <country>US</country>
                </cntaddr>
                <cntvoice>202-366-8717</cntvoice>
                <cntemail>dominic.menegus@dot.gov</cntemail>
            </cntinfo>
        </ptcontac>
        <datacred>Acknowledgment of the Bureau of Transportation Statistics (BTS).</datacred>
        <native>Version 6.2 (Build 9200) ; Esri ArcGIS 10.8.1.14362</native>
    </idinfo>
    <dataqual>
        <logic>Unknown</logic>
        <complete>Data set is considered complete for the information presented, as described in the abstract. Users are advised to read the rest of the metadata record carefully for additional details.</complete>
        <posacc>
            <horizpa>
                <horizpar>Unknown</horizpar>
            </horizpa>
        </posacc>
        <posacc>
            <vertacc>
                <vertaccr>Unknown</vertaccr>
            </vertacc>
        </posacc>
        <lineage>
            <procstep>
                <procdesc>The Time Zones dataset was created by consulting the Office of General Council (OGC)'s time zone boundary document. Made a list of geographic from the document that were then verified from authoritative sources i.e. Census, BLS, USACE, etc. All components were added in ArcGIS along with manually generated lines of longitude. Features were traced to create boundary line, then transforms into polygons. Discrepancies that were found were communicated back to OGC for potential future rule changes to the Code of Federal Regulations Standard Time Zone Boundaries. OSAV reviews then GIS experts peer review the data specific to their extertise. BTS conducts a final peer review and the data is published. </procdesc>
            </procstep>
        </lineage>
    </dataqual>
    <spdoinfo>
        <direct>Vector</direct>
        <ptvctinf>
            <sdtsterm>
                <sdtstype>GT-polygon composed of chains</sdtstype>
                <ptvctcnt>9</ptvctcnt>
            </sdtsterm>
        </ptvctinf>
    </spdoinfo>
    <eainfo>
        <overview>
            <eaover>This layer is a digital representation of the geographic boundaries of the nine time zones that cover the United States and its territories (the Atlantic, Eastern, Central, Mountain, Pacific, Alaska, Hawaii–Aleutian, Samoa, and Chamorro time zones). The U.S. Department of Transportation (DOT) oversees the Nation's time zones and the uniform observance of Daylight-Saving Time. The oversight of time zones was assigned to DOT due to the importance of time coordination for transportation related activities. The time zones were established by the Standard Time Act of 1918 and amended by the Uniform Time Act of 1966. Time zones in the U.S. are defined in the U.S. Code, Title 15, Chapter 6, Subchapter IX - Standard Time. The time zone boundaries are defined in the Code of Federal Regulations (CFR), Title 49, Subtitle A, Part 71 - Standard Time Zone Boundaries. Segments used to compile the geospatial layer were derived from the CFR’s time zone descriptions (https://www.ecfr.gov/current/title-49/subtitle-A/part-71). Descriptions consist of segments referencing administrative boundaries, infrastructure, natural features, and geodesic lines. These segments are contained in various data layers in the National Geospatial Data Asset (NGDA) portfolio, the federal government’s authoritative geospatial data repository. Referenced segments were extracted from their NGDA and then merged to form continuous boundaries. In instances where there were multiple scales for a given dataset, the largest scale or most detailed layer was used. The standard time of the Atlantic zone is the Coordinated Universal Time (UTC) minus 4 hours; Eastern zone is UTC minus 5 hours; Central zone is UTC minus 6 hours; Mountain zone is UTC minus 7 hours; Pacific zone is UTC minus 8 hours; Alaska zone is UTC minus 9 hours; Hawaii–Aleutian zone is UTC minus 10 hours; Samoa zone is UTC minus 11 hours; and Chamorro zone is UTC plus 10 hours. For more information, please visit: https://doi.org/10.21949/1519143.</eaover>
            <eadetcit>https:/doi.org/10.21949/1529083</eadetcit>
        </overview>
    </eainfo>
    <distinfo>
        <distrib>
            <cntinfo>
                <cntorgp>
                    <cntorg>Bureau of Transportation Statistics</cntorg>
                </cntorgp>
                <cntpos>NTAD Program Manager</cntpos>
                <cntaddr>
                    <addrtype>mailing and physical</addrtype>
                    <address>1200 New Jersey Ave. SE</address>
                    <city>Washington</city>
                    <state>DC</state>
                    <postal>20590</postal>
                    <country>US</country>
                </cntaddr>
                <cntvoice>none</cntvoice>
                <cntemail>ntad@dot.gov</cntemail>
            </cntinfo>
        </distrib>
        <distliab>Distribution Liability</distliab>
        <stdorder>
            <digform>
                <digtinfo>
                    <formname>ESRI Shapefile</formname>
                    <formvern>1.0</formvern>
                    <formspec>download</formspec>
                    <filedec>ZIP</filedec>
                </digtinfo>
                <digtopt>
                    <onlinopt>
                        <computer>
                            <networka>
                                <networkr>https://doi.org/10.21949/1522274</networkr>
                            </networka>
                        </computer>
                    </onlinopt>
                </digtopt>
            </digform>
            <fees>None. No fees are applicable for obtaining the dataset.</fees>
        </stdorder>
    </distinfo>
    <distinfo>
        <distrib>
            <cntinfo>
                <cntorgp>
                    <cntorg>Bureau of Transportation Statistics</cntorg>
                </cntorgp>
                <cntpos>NTAD Program Manager</cntpos>
                <cntaddr>
                    <addrtype>mailing and physical</addrtype>
                    <address>1200 New Jersey Ave. SE</address>
                    <city>Washington</city>
                    <state>DC</state>
                    <postal>20590</postal>
                    <country>US</country>
                </cntaddr>
                <cntvoice>none</cntvoice>
                <cntemail>ntad@dot.gov</cntemail>
            </cntinfo>
        </distrib>
        <distliab>Distribution Liability</distliab>
        <stdorder>
            <digform>
                <digtinfo>
                    <formname>AZURE Cloud ArcGIS Server (OGC WMS)</formname>
                    <formvern>1.3.0</formvern>
                    <formspec>https://www.ogc.org/standards/wms</formspec>
                    <formcont>OGC WMS Map Service for visualizing geospatial information</formcont>
                </digtinfo>
                <digtopt>
                    <onlinopt>
                        <computer>
                            <networka>
                                <networkr>https://doi.org/10.21949/1522275</networkr>
                            </networka>
                        </computer>
                    </onlinopt>
                </digtopt>
            </digform>
            <fees>None. No fees are applicable for obtaining the dataset.</fees>
        </stdorder>
    </distinfo>
    <distinfo>
        <distrib>
            <cntinfo>
                <cntorgp>
                    <cntorg>Bureau of Transportation Statistics</cntorg>
                </cntorgp>
                <cntpos>NTAD Program Manager</cntpos>
                <cntaddr>
                    <addrtype>mailing and physical</addrtype>
                    <address>1200 New Jersey Ave. SE</address>
                    <city>Washington</city>
                    <state>DC</state>
                    <postal>20590</postal>
                    <country>US</country>
                </cntaddr>
                <cntvoice>none</cntvoice>
                <cntemail>ntad@dot.gov</cntemail>
            </cntinfo>
        </distrib>
        <distliab>Distribution Liability</distliab>
        <stdorder>
            <digform>
                <digtinfo>
                    <formname>AZURE Cloud ArcGIS Server (OGC WFS)</formname>
                    <formvern>1.0.0</formvern>
                    <formspec>https://www.ogc.org/standards/wfs</formspec>
                    <formcont>OGC WFS Map Service for visualizing geospatial information</formcont>
                </digtinfo>
                <digtopt>
                    <onlinopt>
                        <computer>
                            <networka>
                                <networkr>https://doi.org/10.21949/1522276</networkr>
                            </networka>
                        </computer>
                    </onlinopt>
                </digtopt>
            </digform>
            <fees>None. No fees are applicable for obtaining the dataset.</fees>
        </stdorder>
    </distinfo>
    <metainfo>
        <metd>20230607</metd>
        <metc>
            <cntinfo>
                <cntorgp>
                    <cntorg>Bureau of Transportation Statistics (BTS)</cntorg>
                    <cntper>Dominic Menegus</cntper>
                </cntorgp>
                <cntpos>Geographer</cntpos>
                <cntaddr>
                    <addrtype>mailing and physical</addrtype>
                    <address>1200 New Jersey Ave. SE</address>
                    <city>Washington</city>
                    <state>DC</state>
                    <postal>20590</postal>
                    <country>US</country>
                </cntaddr>
                <cntvoice>202-366-8717</cntvoice>
                <cntemail>dominic.menegus@dot.gov</cntemail>
            </cntinfo>
        </metc>
        <metstdn>FGDC Content Standard for Digital Geospatial Metadata</metstdn>
        <metstdv>FGDC-STD-001-1998</metstdv>
        <mettc>local time</mettc>
    </metainfo>
</metadata>
